path,patientid,organ,ext,split
/content/MoNuSAC_images_and_annotations/TCGA-D8-A1X5-01Z-00-DX2/TCGA-D8-A1X5-01Z-00-DX2_1.tif,TCGA-D8-A1X5,breast,tif,train
/content/MoNuSAC_images_and_annotations/TCGA-P4-AAVK-01Z-00-DX1/TCGA-P4-AAVK-01Z-00-DX1_6.tif,TCGA-P4-AAVK,kidney,tif,train
/content/MoNuSAC_images_and_annotations/TCGA-P4-AAVK-01Z-00-DX1/TCGA-P4-AAVK-01Z-00-DX1_1.tif,TCGA-P4-AAVK,kidney,tif,train
/content/MoNuSAC_images_and_annotations/TCGA-P4-AAVK-01Z-00-DX1/TCGA-P4-AAVK-01Z-00-DX1_5.tif,TCGA-P4-AAVK,kidney,tif,train
/content/MoNuSAC_images_and_annotations/TCGA-P4-AAVK-01Z-00-DX1/TCGA-P4-AAVK-01Z-00-DX1_3.tif,TCGA-P4-AAVK,kidney,tif,train
/content/MoNuSAC_images_and_annotations/TCGA-P4-AAVK-01Z-00-DX1/TCGA-P4-AAVK-01Z-00-DX1_4.tif,TCGA-P4-AAVK,kidney,tif,train
/content/MoNuSAC_images_and_annotations/TCGA-P4-AAVK-01Z-00-DX1/TCGA-P4-AAVK-01Z-00-DX1_7.tif,TCGA-P4-AAVK,kidney,tif,train
/content/MoNuSAC_images_and_annotations/TCGA-B6-A0WZ-01Z-00-DX1/TCGA-B6-A0WZ-01Z-00-DX1_3.tif,TCGA-B6-A0WZ,breast,tif,val
/content/MoNuSAC_images_and_annotations/TCGA-69-7760-01Z-00-DX1/TCGA-69-7760-01Z-00-DX1_002.tif,TCGA-69-7760,lung,tif,train
/content/MoNuSAC_images_and_annotations/TCGA-69-7760-01Z-00-DX1/TCGA-69-7760-01Z-00-DX1_001.tif,TCGA-69-7760,lung,tif,train
/content/MoNuSAC_images_and_annotations/TCGA-69-7760-01Z-00-DX1/TCGA-69-7760-01Z-00-DX1_004.tif,TCGA-69-7760,lung,tif,train
/content/MoNuSAC_images_and_annotations/TCGA-69-7760-01Z-00-DX1/TCGA-69-7760-01Z-00-DX1_003.tif,TCGA-69-7760,lung,tif,train
/content/MoNuSAC_images_and_annotations/TCGA-V1-A9O9-01Z-00-DX1/TCGA-V1-A9O9-01Z-00-DX1-5.tif,TCGA-V1-A9O9,prostate,tif,val
/content/MoNuSAC_images_and_annotations/TCGA-V1-A9O9-01Z-00-DX1/TCGA-V1-A9O9-01Z-00-DX1-4.tif,TCGA-V1-A9O9,prostate,tif,val
/content/MoNuSAC_images_and_annotations/TCGA-UZ-A9PO-01Z-00-DX1/TCGA-UZ-A9PO-01Z-00-DX1_7.tif,TCGA-UZ-A9PO,kidney,tif,val
/content/MoNuSAC_images_and_annotations/TCGA-UZ-A9PO-01Z-00-DX1/TCGA-UZ-A9PO-01Z-00-DX1_2.tif,TCGA-UZ-A9PO,kidney,tif,val
/content/MoNuSAC_images_and_annotations/TCGA-UZ-A9PO-01Z-00-DX1/TCGA-UZ-A9PO-01Z-00-DX1_4.tif,TCGA-UZ-A9PO,kidney,tif,val
/content/MoNuSAC_images_and_annotations/TCGA-UZ-A9PO-01Z-00-DX1/TCGA-UZ-A9PO-01Z-00-DX1_3.tif,TCGA-UZ-A9PO,kidney,tif,val
/content/MoNuSAC_images_and_annotations/TCGA-UZ-A9PO-01Z-00-DX1/TCGA-UZ-A9PO-01Z-00-DX1_5.tif,TCGA-UZ-A9PO,kidney,tif,val
/content/MoNuSAC_images_and_annotations/TCGA-UZ-A9PO-01Z-00-DX1/TCGA-UZ-A9PO-01Z-00-DX1_6.tif,TCGA-UZ-A9PO,kidney,tif,val
/content/MoNuSAC_images_and_annotations/TCGA-78-7220-01Z-00-DX1/TCGA-78-7220-01Z-00-DX1_002.tif,TCGA-78-7220,lung,tif,val
/content/MoNuSAC_images_and_annotations/TCGA-78-7220-01Z-00-DX1/TCGA-78-7220-01Z-00-DX1_003.tif,TCGA-78-7220,lung,tif,val
/content/MoNuSAC_images_and_annotations/TCGA-78-7220-01Z-00-DX1/TCGA-78-7220-01Z-00-DX1_001.tif,TCGA-78-7220,lung,tif,val
/content/MoNuSAC_images_and_annotations/TCGA-EJ-5505-01Z-00-DX1/TCGA-EJ-5505-01Z-00-DX1-6.tif,TCGA-EJ-5505,prostate,tif,train
/content/MoNuSAC_images_and_annotations/TCGA-EJ-5505-01Z-00-DX1/TCGA-EJ-5505-01Z-00-DX1-5.tif,TCGA-EJ-5505,prostate,tif,train
/content/MoNuSAC_images_and_annotations/TCGA-EJ-5505-01Z-00-DX1/TCGA-EJ-5505-01Z-00-DX1-3.tif,TCGA-EJ-5505,prostate,tif,train
/content/MoNuSAC_images_and_annotations/TCGA-EJ-5505-01Z-00-DX1/TCGA-EJ-5505-01Z-00-DX1-2.tif,TCGA-EJ-5505,prostate,tif,train
/content/MoNuSAC_images_and_annotations/TCGA-EJ-5505-01Z-00-DX1/TCGA-EJ-5505-01Z-00-DX1-4.tif,TCGA-EJ-5505,prostate,tif,train
/content/MoNuSAC_images_and_annotations/TCGA-G9-6342-01Z-00-DX1/TCGA-G9-6342-01Z-00-DX1-1.tif,TCGA-G9-6342,prostate,tif,train
/content/MoNuSAC_images_and_annotations/TCGA-55-1594-01Z-00-DX1/TCGA-55-1594-01Z-00-DX1_001.tif,TCGA-55-1594,lung,tif,train
/content/MoNuSAC_images_and_annotations/TCGA-55-1594-01Z-00-DX1/TCGA-55-1594-01Z-00-DX1_005.tif,TCGA-55-1594,lung,tif,train
/content/MoNuSAC_images_and_annotations/TCGA-55-1594-01Z-00-DX1/TCGA-55-1594-01Z-00-DX1_004.tif,TCGA-55-1594,lung,tif,train
/content/MoNuSAC_images_and_annotations/TCGA-55-1594-01Z-00-DX1/TCGA-55-1594-01Z-00-DX1_003.tif,TCGA-55-1594,lung,tif,train
/content/MoNuSAC_images_and_annotations/TCGA-EJ-5517-01Z-00-DX1/TCGA-EJ-5517-01Z-00-DX1-2.tif,TCGA-EJ-5517,prostate,tif,train
/content/MoNuSAC_images_and_annotations/TCGA-EJ-5517-01Z-00-DX1/TCGA-EJ-5517-01Z-00-DX1-3.tif,TCGA-EJ-5517,prostate,tif,train
/content/MoNuSAC_images_and_annotations/TCGA-EJ-5517-01Z-00-DX1/TCGA-EJ-5517-01Z-00-DX1-1.tif,TCGA-EJ-5517,prostate,tif,train
/content/MoNuSAC_images_and_annotations/TCGA-S3-AA11-01Z-00-DX1/TCGA-S3-AA11-01Z-00-DX1_5.tif,TCGA-S3-AA11,breast,tif,train
/content/MoNuSAC_images_and_annotations/TCGA-S3-AA11-01Z-00-DX1/TCGA-S3-AA11-01Z-00-DX1_3.tif,TCGA-S3-AA11,breast,tif,train
/content/MoNuSAC_images_and_annotations/TCGA-S3-AA11-01Z-00-DX1/TCGA-S3-AA11-01Z-00-DX1_6.tif,TCGA-S3-AA11,breast,tif,train
/content/MoNuSAC_images_and_annotations/TCGA-B9-A44B-01Z-00-DX1/TCGA-B9-A44B-01Z-00-DX1_2.tif,TCGA-B9-A44B,kidney,tif,train
/content/MoNuSAC_images_and_annotations/TCGA-73-4668-01Z-00-DX1/TCGA-73-4668-01Z-00-DX1_004.tif,TCGA-73-4668,lung,tif,train
/content/MoNuSAC_images_and_annotations/TCGA-73-4668-01Z-00-DX1/TCGA-73-4668-01Z-00-DX1_003.tif,TCGA-73-4668,lung,tif,train
/content/MoNuSAC_images_and_annotations/TCGA-73-4668-01Z-00-DX1/TCGA-73-4668-01Z-00-DX1_001.tif,TCGA-73-4668,lung,tif,train
/content/MoNuSAC_images_and_annotations/TCGA-E9-A22G-01Z-00-DX1/TCGA-E9-A22G-01Z-00-DX1_3.tif,TCGA-E9-A22G,breast,tif,train
/content/MoNuSAC_images_and_annotations/TCGA-E9-A22G-01Z-00-DX1/TCGA-E9-A22G-01Z-00-DX1_4.tif,TCGA-E9-A22G,breast,tif,train
/content/MoNuSAC_images_and_annotations/TCGA-B9-A8YI-01Z-00-DX1/TCGA-B9-A8YI-01Z-00-DX1_3.tif,TCGA-B9-A8YI,kidney,tif,train
/content/MoNuSAC_images_and_annotations/TCGA-B9-A8YI-01Z-00-DX1/TCGA-B9-A8YI-01Z-00-DX1_4.tif,TCGA-B9-A8YI,kidney,tif,train
/content/MoNuSAC_images_and_annotations/TCGA-B9-A8YI-01Z-00-DX1/TCGA-B9-A8YI-01Z-00-DX1_5.tif,TCGA-B9-A8YI,kidney,tif,train
/content/MoNuSAC_images_and_annotations/TCGA-EW-A6SD-01Z-00-DX1/TCGA-EW-A6SD-01Z-00-DX1_1.tif,TCGA-EW-A6SD,breast,tif,train
/content/MoNuSAC_images_and_annotations/TCGA-EW-A6SD-01Z-00-DX1/TCGA-EW-A6SD-01Z-00-DX1_2.tif,TCGA-EW-A6SD,breast,tif,train
/content/MoNuSAC_images_and_annotations/TCGA-G9-6499-01Z-00-DX1/TCGA-G9-6499-01Z-00-DX1-1.tif,TCGA-G9-6499,prostate,tif,train
/content/MoNuSAC_images_and_annotations/TCGA-69-A59K-01Z-00-DX1/TCGA-69-A59K-01Z-00-DX1_001.tif,TCGA-69-A59K,lung,tif,train
/content/MoNuSAC_images_and_annotations/TCGA-69-A59K-01Z-00-DX1/TCGA-69-A59K-01Z-00-DX1_003.tif,TCGA-69-A59K,lung,tif,train
/content/MoNuSAC_images_and_annotations/TCGA-69-A59K-01Z-00-DX1/TCGA-69-A59K-01Z-00-DX1_002.tif,TCGA-69-A59K,lung,tif,train
/content/MoNuSAC_images_and_annotations/TCGA-DW-7841-01Z-00-DX1/TCGA-DW-7841-01Z-00-DX1_2.tif,TCGA-DW-7841,kidney,tif,train
/content/MoNuSAC_images_and_annotations/TCGA-DW-7841-01Z-00-DX1/TCGA-DW-7841-01Z-00-DX1_3.tif,TCGA-DW-7841,kidney,tif,train
/content/MoNuSAC_images_and_annotations/TCGA-DW-7841-01Z-00-DX1/TCGA-DW-7841-01Z-00-DX1_1.tif,TCGA-DW-7841,kidney,tif,train
/content/MoNuSAC_images_and_annotations/TCGA-J4-A67T-01Z-00-DX1/TCGA-J4-A67T-01Z-00-DX1-3.tif,TCGA-J4-A67T,prostate,tif,train
/content/MoNuSAC_images_and_annotations/TCGA-J4-A67T-01Z-00-DX1/TCGA-J4-A67T-01Z-00-DX1-4.tif,TCGA-J4-A67T,prostate,tif,train
/content/MoNuSAC_images_and_annotations/TCGA-V1-A8WL-01Z-00-DX1/TCGA-V1-A8WL-01Z-00-DX1-3.tif,TCGA-V1-A8WL,prostate,tif,train
/content/MoNuSAC_images_and_annotations/TCGA-E9-A22B-01Z-00-DX1/TCGA-E9-A22B-01Z-00-DX1_7.tif,TCGA-E9-A22B,breast,tif,train
/content/MoNuSAC_images_and_annotations/TCGA-E9-A22B-01Z-00-DX1/TCGA-E9-A22B-01Z-00-DX1_4.tif,TCGA-E9-A22B,breast,tif,train
/content/MoNuSAC_images_and_annotations/TCGA-E9-A22B-01Z-00-DX1/TCGA-E9-A22B-01Z-00-DX1_1.tif,TCGA-E9-A22B,breast,tif,train
/content/MoNuSAC_images_and_annotations/TCGA-E9-A22B-01Z-00-DX1/TCGA-E9-A22B-01Z-00-DX1_6.tif,TCGA-E9-A22B,breast,tif,train
/content/MoNuSAC_images_and_annotations/TCGA-E9-A22B-01Z-00-DX1/TCGA-E9-A22B-01Z-00-DX1_8.tif,TCGA-E9-A22B,breast,tif,train
/content/MoNuSAC_images_and_annotations/TCGA-E9-A22B-01Z-00-DX1/TCGA-E9-A22B-01Z-00-DX1_2.tif,TCGA-E9-A22B,breast,tif,train
/content/MoNuSAC_images_and_annotations/TCGA-EJ-5495-01Z-00-DX1/TCGA-EJ-5495-01Z-00-DX1-4.tif,TCGA-EJ-5495,prostate,tif,train
/content/MoNuSAC_images_and_annotations/TCGA-EJ-5495-01Z-00-DX1/TCGA-EJ-5495-01Z-00-DX1-3.tif,TCGA-EJ-5495,prostate,tif,train
/content/MoNuSAC_images_and_annotations/TCGA-EV-5903-01Z-00-DX1/TCGA-EV-5903-01Z-00-DX1_4.tif,TCGA-EV-5903,kidney,tif,train
/content/MoNuSAC_images_and_annotations/TCGA-EV-5903-01Z-00-DX1/TCGA-EV-5903-01Z-00-DX1_5.tif,TCGA-EV-5903,kidney,tif,train
/content/MoNuSAC_images_and_annotations/TCGA-EV-5903-01Z-00-DX1/TCGA-EV-5903-01Z-00-DX1_1.tif,TCGA-EV-5903,kidney,tif,train
/content/MoNuSAC_images_and_annotations/TCGA-MH-A560-01Z-00-DX2/TCGA-MH-A560-01Z-00-DX2_1.tif,TCGA-MH-A560,kidney,tif,train
/content/MoNuSAC_images_and_annotations/TCGA-MH-A560-01Z-00-DX2/TCGA-MH-A560-01Z-00-DX2_4.tif,TCGA-MH-A560,kidney,tif,train
/content/MoNuSAC_images_and_annotations/TCGA-MH-A560-01Z-00-DX2/TCGA-MH-A560-01Z-00-DX2_3.tif,TCGA-MH-A560,kidney,tif,train
/content/MoNuSAC_images_and_annotations/TCGA-MH-A560-01Z-00-DX2/TCGA-MH-A560-01Z-00-DX2_2.tif,TCGA-MH-A560,kidney,tif,train
/content/MoNuSAC_images_and_annotations/TCGA-MP-A4SY-01Z-00-DX1/TCGA-MP-A4SY-01Z-00-DX1_4.tif,TCGA-MP-A4SY,lung,tif,train
/content/MoNuSAC_images_and_annotations/TCGA-MP-A4SY-01Z-00-DX1/TCGA-MP-A4SY-01Z-00-DX1_1.tif,TCGA-MP-A4SY,lung,tif,train
/content/MoNuSAC_images_and_annotations/TCGA-KK-A6E0-01Z-00-DX1/TCGA-KK-A6E0-01Z-00-DX1-3.tif,TCGA-KK-A6E0,prostate,tif,train
/content/MoNuSAC_images_and_annotations/TCGA-KK-A6E0-01Z-00-DX1/TCGA-KK-A6E0-01Z-00-DX1-5.tif,TCGA-KK-A6E0,prostate,tif,train
/content/MoNuSAC_images_and_annotations/TCGA-KK-A6E0-01Z-00-DX1/TCGA-KK-A6E0-01Z-00-DX1-4.tif,TCGA-KK-A6E0,prostate,tif,train
/content/MoNuSAC_images_and_annotations/TCGA-86-7713-01Z-00-DX1/TCGA-86-7713-01Z-00-DX1_002.tif,TCGA-86-7713,lung,tif,train
/content/MoNuSAC_images_and_annotations/TCGA-86-7713-01Z-00-DX1/TCGA-86-7713-01Z-00-DX1_001.tif,TCGA-86-7713,lung,tif,train
/content/MoNuSAC_images_and_annotations/TCGA-UZ-A9PU-01Z-00-DX1/TCGA-UZ-A9PU-01Z-00-DX1_1.tif,TCGA-UZ-A9PU,kidney,tif,train
/content/MoNuSAC_images_and_annotations/TCGA-86-8672-01Z-00-DX1/TCGA-86-8672-01Z-00-DX1_2.tif,TCGA-86-8672,lung,tif,train
/content/MoNuSAC_images_and_annotations/TCGA-MP-A4T7-01Z-00-DX1/TCGA-MP-A4T7-01Z-00-DX1_2.tif,TCGA-MP-A4T7,lung,tif,val
/content/MoNuSAC_images_and_annotations/TCGA-MP-A4T7-01Z-00-DX1/TCGA-MP-A4T7-01Z-00-DX1_1.tif,TCGA-MP-A4T7,lung,tif,val
/content/MoNuSAC_images_and_annotations/TCGA-MP-A4T7-01Z-00-DX1/TCGA-MP-A4T7-01Z-00-DX1_3.tif,TCGA-MP-A4T7,lung,tif,val
/content/MoNuSAC_images_and_annotations/TCGA-YL-A9WY-01Z-00-DX1/TCGA-YL-A9WY-01Z-00-DX1-5.tif,TCGA-YL-A9WY,prostate,tif,val
/content/MoNuSAC_images_and_annotations/TCGA-YL-A9WY-01Z-00-DX1/TCGA-YL-A9WY-01Z-00-DX1-2.tif,TCGA-YL-A9WY,prostate,tif,val
/content/MoNuSAC_images_and_annotations/TCGA-F9-A97G-01Z-00-DX1/TCGA-F9-A97G-01Z-00-DX1_2.tif,TCGA-F9-A97G,kidney,tif,val
/content/MoNuSAC_images_and_annotations/TCGA-F9-A97G-01Z-00-DX1/TCGA-F9-A97G-01Z-00-DX1_4.tif,TCGA-F9-A97G,kidney,tif,val
/content/MoNuSAC_images_and_annotations/TCGA-F9-A97G-01Z-00-DX1/TCGA-F9-A97G-01Z-00-DX1_3.tif,TCGA-F9-A97G,kidney,tif,val
/content/MoNuSAC_images_and_annotations/TCGA-F9-A97G-01Z-00-DX1/TCGA-F9-A97G-01Z-00-DX1_1.tif,TCGA-F9-A97G,kidney,tif,val
/content/MoNuSAC_images_and_annotations/TCGA-A2-A0CV-01Z-00-DX1/TCGA-A2-A0CV-01Z-00-DX1_5.tif,TCGA-A2-A0CV,breast,tif,train
/content/MoNuSAC_images_and_annotations/TCGA-E2-A154-01Z-00-DX1/TCGA-E2-A154-01Z-00-DX1_7.tif,TCGA-E2-A154,breast,tif,val
/content/MoNuSAC_images_and_annotations/TCGA-E2-A154-01Z-00-DX1/TCGA-E2-A154-01Z-00-DX1_6.tif,TCGA-E2-A154,breast,tif,val
/content/MoNuSAC_images_and_annotations/TCGA-E2-A154-01Z-00-DX1/TCGA-E2-A154-01Z-00-DX1_3.tif,TCGA-E2-A154,breast,tif,val
/content/MoNuSAC_images_and_annotations/TCGA-J4-A67Q-01Z-00-DX1/TCGA-J4-A67Q-01Z-00-DX1-4.tif,TCGA-J4-A67Q,prostate,tif,train
/content/MoNuSAC_images_and_annotations/TCGA-J4-A67Q-01Z-00-DX1/TCGA-J4-A67Q-01Z-00-DX1-1.tif,TCGA-J4-A67Q,prostate,tif,train
/content/MoNuSAC_images_and_annotations/TCGA-X4-A8KQ-01Z-00-DX8/TCGA-X4-A8KQ-01Z-00-DX8-3.tif,TCGA-X4-A8KQ,prostate,tif,val
/content/MoNuSAC_images_and_annotations/TCGA-KK-A59X-01Z-00-DX1/TCGA-KK-A59X-01Z-00-DX1-3.tif,TCGA-KK-A59X,prostate,tif,train
/content/MoNuSAC_images_and_annotations/TCGA-BH-A18T-01Z-00-DX1/TCGA-BH-A18T-01Z-00-DX1_2.tif,TCGA-BH-A18T,breast,tif,train
/content/MoNuSAC_images_and_annotations/TCGA-G7-A8LD-01Z-00-DX1/TCGA-G7-A8LD-01Z-00-DX1_6.tif,TCGA-G7-A8LD,kidney,tif,train
/content/MoNuSAC_images_and_annotations/TCGA-G7-A8LD-01Z-00-DX1/TCGA-G7-A8LD-01Z-00-DX1_8.tif,TCGA-G7-A8LD,kidney,tif,train
/content/MoNuSAC_images_and_annotations/TCGA-G7-A8LD-01Z-00-DX1/TCGA-G7-A8LD-01Z-00-DX1_3.tif,TCGA-G7-A8LD,kidney,tif,train
/content/MoNuSAC_images_and_annotations/TCGA-G7-A8LD-01Z-00-DX1/TCGA-G7-A8LD-01Z-00-DX1_1.tif,TCGA-G7-A8LD,kidney,tif,train
/content/MoNuSAC_images_and_annotations/TCGA-G7-A8LD-01Z-00-DX1/TCGA-G7-A8LD-01Z-00-DX1_7.tif,TCGA-G7-A8LD,kidney,tif,train
/content/MoNuSAC_images_and_annotations/TCGA-G7-A8LD-01Z-00-DX1/TCGA-G7-A8LD-01Z-00-DX1_5.tif,TCGA-G7-A8LD,kidney,tif,train
/content/MoNuSAC_images_and_annotations/TCGA-G7-A8LD-01Z-00-DX1/TCGA-G7-A8LD-01Z-00-DX1_10.tif,TCGA-G7-A8LD,kidney,tif,train
/content/MoNuSAC_images_and_annotations/TCGA-G7-A8LD-01Z-00-DX1/TCGA-G7-A8LD-01Z-00-DX1_4.tif,TCGA-G7-A8LD,kidney,tif,train
/content/MoNuSAC_images_and_annotations/TCGA-G7-A8LD-01Z-00-DX1/TCGA-G7-A8LD-01Z-00-DX1_2.tif,TCGA-G7-A8LD,kidney,tif,train
/content/MoNuSAC_images_and_annotations/TCGA-L4-A4E5-01Z-00-DX1/TCGA-L4-A4E5-01Z-00-DX1_2.tif,TCGA-L4-A4E5,lung,tif,train
